{"cameraMode":{"drawMode":0,"name":"Shaded","section":"Shading Mode"},"sceneLighting":false,"audioPlay":false,"sceneViewState":{"showFog":true,"showMaterialUpdate":false,"showSkybox":false,"showFlares":true,"showImageEffects":true,"showParticleSystems":true},"in2DMode":false,"pivot":{"x":0.7008864879608154,"y":2.4297900199890138,"z":-0.02601480484008789},"rotation":{"x":-0.05247572064399719,"y":0.0041884491220116619,"z":-0.00022229303431231529,"w":-0.9986181855201721},"size":8.190237998962403,"orthographic":false}