{"cameraMode":{"drawMode":0,"name":"Shaded","section":"Shading Mode"},"sceneLighting":true,"audioPlay":false,"sceneViewState":{"showFog":true,"showMaterialUpdate":false,"showSkybox":true,"showFlares":true,"showImageEffects":true,"showParticleSystems":true},"in2DMode":false,"pivot":{"x":96.5493392944336,"y":12.087302207946778,"z":-101.49884033203125},"rotation":{"x":0.013803387992084027,"y":0.7534210085868836,"z":-0.01582414098083973,"w":0.6572052836418152},"size":80.23313903808594,"orthographic":false}