{"cameraMode":{"drawMode":0,"name":"Shaded","section":"Shading Mode"},"sceneLighting":true,"audioPlay":false,"sceneViewState":{"showFog":true,"showMaterialUpdate":false,"showSkybox":true,"showFlares":true,"showImageEffects":true,"showParticleSystems":true},"in2DMode":false,"pivot":{"x":-4.626911163330078,"y":25.581029891967775,"z":92.51127624511719},"rotation":{"x":-0.04795054718852043,"y":-0.0359504260122776,"z":-0.0017271797405555845,"w":0.9982031583786011},"size":57.94035720825195,"orthographic":false}