{"cameraMode":{"drawMode":0,"name":"Shaded","section":"Shading Mode"},"sceneLighting":true,"audioPlay":false,"sceneViewState":{"showFog":true,"showMaterialUpdate":false,"showSkybox":true,"showFlares":true,"showImageEffects":true,"showParticleSystems":true},"in2DMode":false,"pivot":{"x":1.3228874206542969,"y":-4.2176513671875,"z":91.90343475341797},"rotation":{"x":0.040483128279447559,"y":0.017383208498358728,"z":-0.0007041167700663209,"w":0.9990336298942566},"size":81.35627746582031,"orthographic":false}