{"cameraMode":{"drawMode":0,"name":"Shaded","section":"Shading Mode"},"sceneLighting":true,"audioPlay":false,"sceneViewState":{"showFog":true,"showMaterialUpdate":false,"showSkybox":true,"showFlares":true,"showImageEffects":true,"showParticleSystems":true},"in2DMode":false,"pivot":{"x":122.23652648925781,"y":49.60698699951172,"z":10.130245208740235},"rotation":{"x":-0.04063219577074051,"y":-0.796388566493988,"z":0.05383691191673279,"w":-0.601020336151123},"size":130.03579711914063,"orthographic":false}