{"cameraMode":{"drawMode":0,"name":"Shaded","section":"Shading Mode"},"sceneLighting":true,"audioPlay":false,"sceneViewState":{"showFog":true,"showMaterialUpdate":false,"showSkybox":true,"showFlares":true,"showImageEffects":true,"showParticleSystems":true},"in2DMode":false,"pivot":{"x":2.6613924503326418,"y":2.9363303184509279,"z":-0.4466876983642578},"rotation":{"x":0.0441194511950016,"y":0.6760178208351135,"z":-0.04060983285307884,"w":0.7344416975975037},"size":6.273550033569336,"orthographic":false}